campaign_source_url,campaign_title,campaign_end_text,section,product_id,product_name,api_regular_price_yen,regular_price_yen,coupon_discount_yen,coupon_price_yen,coupon_id,coupon_code,coupon_remaining,coupon_remaining_verified,coupon_remaining_checked_at,coupon_verified,coupon_verification_error,product_page_regular_price_yen,product_page_stock,product_page_verified_at,stock,product_url
https://www.dospara.co.jp/event/diy_parts_accessory.html,おすすめPCパーツ・周辺機器｜ドスパラ公式通販サイト,,週替わりSALE クーポン対象商品,IC488570,AMD  Ryzen 7 7800X3D BOX,54800,54800,5000,49800,【週替わり】1週間限定クーポン2610W1A,we2610W1A,4,True,2026-10-05T14:26:52.115278+00:00,True,,54800,24時間以内に出荷,2026-10-05T14:26:52.115278+00:00,24時間以内に出荷,https://www.dospara.co.jp/SBR1882/IC488570.html
https://www.dospara.co.jp/event/diy_parts_accessory.html,おすすめPCパーツ・周辺機器｜ドスパラ公式通販サイト,,週替わりSALE クーポン対象商品,IC518861,GIGABYTE  B850M A ELT WF6E ICE (B850 AM5 MicroATX),32880,32880,4000,28880,【週替わり】1週間限定クーポン2610W1B,we2610W1B,5,True,2026-10-05T14:26:52.115278+00:00,True,,32880,24時間以内に出荷,2026-10-05T14:26:52.115278+00:00,24時間以内に出荷,https://www.dospara.co.jp/SBR1739/IC518861.html
https://www.dospara.co.jp/event/diy_parts_accessory.html,おすすめPCパーツ・周辺機器｜ドスパラ公式通販サイト,,週替わりSALE クーポン対象商品,IC616311,GIGABYTE  Z890 AORUS ELITE WIFI7 PLUS (Z890 1851 ATX),34800,34800,3000,31800,【週替わり】1週間限定クーポン2610W1D,we2610W1D,4,True,2026-10-05T14:26:52.115278+00:00,True,,34800,24時間以内に出荷,2026-10-05T14:26:52.115278+00:00,24時間以内に出荷,https://www.dospara.co.jp/SBR1880/IC616311.html
https://www.dospara.co.jp/event/diy_parts_accessory.html,おすすめPCパーツ・周辺機器｜ドスパラ公式通販サイト,,週替わりSALE クーポン対象商品,IC594488,ドスパラセレクト  PG4S-020TA1 (M.2 2280 Gen4 2TB),51980,51980,3000,48980,【週替わり】1週間限定クーポン2610W1E,we2610W1E,5,True,2026-10-05T14:26:52.115278+00:00,True,,51980,24時間以内に出荷,2026-10-05T14:26:52.115278+00:00,24時間以内に出荷,https://www.dospara.co.jp/SBR1144/IC594488.html
https://www.dospara.co.jp/event/diy_parts_accessory.html,おすすめPCパーツ・周辺機器｜ドスパラ公式通販サイト,,週替わりSALE クーポン対象商品,IC658565,GIGABYTE  G27Q20T (27インチワイド WQHD 210Hz IPS 液晶モニター) ドスパラ限定モデル,26880,26880,3000,23880,【週替わり】1週間限定クーポン2610W1H,we2610W1H,2,True,2026-10-05T14:26:52.115278+00:00,True,,26880,24時間以内に出荷,2026-10-05T14:26:52.115278+00:00,24時間以内に出荷,https://www.dospara.co.jp/SBR1016/IC658565.html
https://www.dospara.co.jp/event/diy_parts_accessory.html,おすすめPCパーツ・周辺機器｜ドスパラ公式通販サイト,,週替わりSALE クーポン対象商品,IC517292,ASUS  RT-BE92U (11be 無線LANルーター),44820,44820,3000,41820,【週替わり】1週間限定クーポン2610W1I,we2610W1I,4,True,2026-10-05T14:26:52.115278+00:00,True,,44820,24時間以内に出荷,2026-10-05T14:26:52.115278+00:00,24時間以内に出荷,https://www.dospara.co.jp/SBR417/IC517292.html
https://www.dospara.co.jp/event/diy_parts_accessory.html,おすすめPCパーツ・周辺機器｜ドスパラ公式通販サイト,,週替わりSALE クーポン対象商品,IC574787,Razer  Huntsman V3 Pro Tenkeyless 8KHz JP White Edition (RZ03-05521200-R3J1),34980,34980,3000,31980,【週替わり】1週間限定クーポン2610W1J,we2610W1J,1,True,2026-10-05T14:26:52.115278+00:00,True,,34980,24時間以内に出荷,2026-10-05T14:26:52.115278+00:00,24時間以内に出荷,https://www.dospara.co.jp/SBR295/IC574787.html
https://www.dospara.co.jp/event/diy_parts_accessory.html,おすすめPCパーツ・周辺機器｜ドスパラ公式通販サイト,,週替わりSALE クーポン対象商品,IC614300,Razer  Viper V4 Pro (RZ01-05630100-R3A1),26980,26980,2000,24980,【週替わり】1週間限定クーポン2610W1K,we2610W1K,5,True,2026-10-05T14:26:52.115278+00:00,True,,26980,24時間以内に出荷,2026-10-05T14:26:52.115278+00:00,24時間以内に出荷,https://www.dospara.co.jp/SBR529/IC614300.html
https://www.dospara.co.jp/event/diy_parts_accessory.html,おすすめPCパーツ・周辺機器｜ドスパラ公式通販サイト,,週替わりSALE クーポン対象商品,IC522578,ViewSonic  VX2428J2-PK-7 (23.8インチワイド 液晶モニター パステルピンク) ドスパラ限定モデル,17800,17800,2000,15800,【週替わり】1週間限定クーポン2610W1L,we2610W1L,1,True,2026-10-05T14:26:52.115278+00:00,True,,17800,24時間以内に出荷,2026-10-05T14:26:52.115278+00:00,24時間以内に出荷,https://www.dospara.co.jp/SBR119/IC522578.html
https://www.dospara.co.jp/event/diy_parts_accessory.html,おすすめPCパーツ・周辺機器｜ドスパラ公式通販サイト,,週替わりSALE クーポン対象商品,IC484119,ADATA  ASU650SS-1TT-R (1TB),20480,20480,2000,18480,【週替わり】1週間限定クーポン2610W1M,we2610W1M,3,True,2026-10-05T14:26:52.115278+00:00,True,,20480,24時間以内に出荷,2026-10-05T14:26:52.115278+00:00,24時間以内に出荷,https://www.dospara.co.jp/SBR1416/IC484119.html
https://www.dospara.co.jp/event/diy_parts_accessory.html,おすすめPCパーツ・周辺機器｜ドスパラ公式通販サイト,,週替わりSALE クーポン対象商品,IC560395,Corsair  NAUTILUS 360 RS CW-9060089-WW,11815,11815,2000,9815,【週替わり】1週間限定クーポン2610W1N,we2610W1N,2,True,2026-10-05T14:26:52.115278+00:00,True,,11815,24時間以内に出荷,2026-10-05T14:26:52.115278+00:00,24時間以内に出荷,https://www.dospara.co.jp/SBR321/IC560395.html
https://www.dospara.co.jp/event/diy_parts_accessory.html,おすすめPCパーツ・周辺機器｜ドスパラ公式通販サイト,,週替わりSALE クーポン対象商品,IC529728,ADATA  AHV300-1TU31-CBK (USB3.2 ポータブルHDD 1TB ブラック),15280,15280,1000,14280,【週替わり】1週間限定クーポン2610W1O,we2610W1O,10,True,2026-10-05T14:26:52.115278+00:00,True,,15280,24時間以内に出荷,2026-10-05T14:26:52.115278+00:00,24時間以内に出荷,https://www.dospara.co.jp/SBR558/IC529728.html
https://www.dospara.co.jp/event/diy_parts_accessory.html,おすすめPCパーツ・周辺機器｜ドスパラ公式通販サイト,,週替わりSALE クーポン対象商品,IC669730,ADATA  VALORMESHSTEALTH-BKCJP (MicroATX ブラック) ドスパラ限定モデル,7480,7480,1000,6480,【週替わり】1週間限定クーポン2610W1P,we2610W1P,9,True,2026-10-05T14:26:52.115278+00:00,True,,7480,24時間以内に出荷,2026-10-05T14:26:52.115278+00:00,24時間以内に出荷,https://www.dospara.co.jp/SBR448/IC669730.html
https://www.dospara.co.jp/event/diy_parts_accessory.html,おすすめPCパーツ・周辺機器｜ドスパラ公式通販サイト,,ドスパラ周年祭限定 クーポン第1弾,IC568028,ASRock  AMD Radeon RX 9060 XT Challenger 16GB (RX9060XT CL 16G) ドスパラ限定モデル,89800,89800,5000,84800,【SALE】ドスパラ周年祭・パーツ周辺機器クーポン2026W1B,an2026W1B,2,True,2026-10-05T14:26:52.115278+00:00,True,,89800,24時間以内に出荷,2026-10-05T14:26:52.115278+00:00,24時間以内に出荷,https://www.dospara.co.jp/SBR1891/IC568028.html
https://www.dospara.co.jp/event/diy_parts_accessory.html,おすすめPCパーツ・周辺機器｜ドスパラ公式通販サイト,,ドスパラ周年祭限定 クーポン第1弾,IC594757,ドスパラセレクト  D4D3200-8G2A1-RGB-WH (DDR4 PC4-25600 8GB 2枚組),15980,15980,1500,14480,【SALE】ドスパラ周年祭・パーツ周辺機器クーポン2026W1F,an2026W1F,2,True,2026-10-05T14:26:52.115278+00:00,True,,15980,24時間以内に出荷,2026-10-05T14:26:52.115278+00:00,24時間以内に出荷,https://www.dospara.co.jp/SBR1017/IC594757.html
https://www.dospara.co.jp/event/diy_parts_accessory.html,おすすめPCパーツ・周辺機器｜ドスパラ公式通販サイト,,ドスパラ周年祭限定 クーポン第1弾,IC524294,ADATA  SLEG-860-2000GCS-DP (M.2 2280 2TB) ドスパラ限定モデル,52800,52800,4000,48800,【SALE】ドスパラ周年祭・パーツ周辺機器クーポン2026W1G,an2026W1G,6,True,2026-10-05T14:26:52.115278+00:00,True,,52800,24時間以内に出荷,2026-10-05T14:26:52.115278+00:00,24時間以内に出荷,https://www.dospara.co.jp/SBR1144/IC524294.html
https://www.dospara.co.jp/event/diy_parts_accessory.html,おすすめPCパーツ・周辺機器｜ドスパラ公式通販サイト,,ドスパラ周年祭限定 クーポン第1弾,IC590661,ドスパラセレクト  PG5-010TA1-MC (M.2 2280 Gen5 1TB),35980,35980,3000,32980,【SALE】ドスパラ周年祭・パーツ周辺機器クーポン2026W1H,an2026W1H,6,True,2026-10-05T14:26:52.115278+00:00,True,,35980,24時間以内に出荷,2026-10-05T14:26:52.115278+00:00,24時間以内に出荷,https://www.dospara.co.jp/SBR1144/IC590661.html
https://www.dospara.co.jp/event/diy_parts_accessory.html,おすすめPCパーツ・周辺機器｜ドスパラ公式通販サイト,,ドスパラ周年祭限定 クーポン第1弾,IC595587,ドスパラセレクト  CC1-RGB-BK (ATX ガラス ブラック),10980,10980,2000,8980,【SALE】ドスパラ周年祭・パーツ周辺機器クーポン2026W1I,an2026W1I,2,True,2026-10-05T14:26:52.115278+00:00,True,,10980,24時間以内に出荷,2026-10-05T14:26:52.115278+00:00,24時間以内に出荷,https://www.dospara.co.jp/SBR1959/IC595587.html
https://www.dospara.co.jp/event/diy_parts_accessory.html,おすすめPCパーツ・周辺機器｜ドスパラ公式通販サイト,,ドスパラ周年祭限定 クーポン第1弾,IC594772,ドスパラセレクト  750W-GOLD-ATX31-WH (750W ホワイト),13980,13980,2000,11980,【SALE】ドスパラ周年祭・パーツ周辺機器クーポン2026W1L,an2026W1L,8,True,2026-10-05T14:26:52.115278+00:00,True,,13980,24時間以内に出荷,2026-10-05T14:26:52.115278+00:00,24時間以内に出荷,https://www.dospara.co.jp/SBR83/IC594772.html
https://www.dospara.co.jp/event/diy_parts_accessory.html,おすすめPCパーツ・周辺機器｜ドスパラ公式通販サイト,,ドスパラ周年祭限定 クーポン第1弾,IC594768,ドスパラセレクト  L360M-RGB-BK (ブラック),9980,9980,3000,6980,【SALE】ドスパラ周年祭・パーツ周辺機器クーポン2026W1M,an2026W1M,2,True,2026-10-05T14:26:52.115278+00:00,True,,9980,24時間以内に出荷,2026-10-05T14:26:52.115278+00:00,24時間以内に出荷,https://www.dospara.co.jp/SBR321/IC594768.html
https://www.dospara.co.jp/event/diy_parts_accessory.html,おすすめPCパーツ・周辺機器｜ドスパラ公式通販サイト,,ドスパラ周年祭限定 クーポン第1弾,IC583092,ドスパラセレクト  A620F-WH (ホワイト),6980,6980,2000,4980,【SALE】ドスパラ周年祭・パーツ周辺機器クーポン2026W1N,an2026W1N,11,True,2026-10-05T14:26:52.115278+00:00,True,,6980,24時間以内に出荷,2026-10-05T14:26:52.115278+00:00,24時間以内に出荷,https://www.dospara.co.jp/SBR1968/IC583092.html
